1,2023-09-15,22:18:26
1,2023-09-15,22:21:47
1,2023-09-15,22:30:24
1,2023-09-15,22:32:09
1,2023-09-15,22:36:14
1,2023-09-15,22:38:44
1,2023-09-15,22:39:38
1,2023-09-15,22:43:41
1,2023-09-15,22:44:20
1,2023-09-15,22:47:15
1,2023-09-15,22:49:43
1,2023-09-15,22:51:57
1,2023-09-15,22:51:58
1,2023-09-15,22:51:59
1,2023-09-15,22:52:00
1,2023-09-15,22:52:40
1,2023-09-15,22:53:41
1,2023-09-15,22:54:24
1,2023-09-15,22:55:19
1,2023-09-15,22:55:37
1,2023-09-15,22:56:30
1,2023-09-15,22:57:28
1,2023-09-15,22:59:00
1,2023-09-15,23:00:56
1,2023-09-15,23:03:36
1,2023-09-15,23:04:46
1,2023-09-15,23:08:27
1,2023-09-15,23:09:12
1,2023-09-15,23:09:44
1,2023-09-15,23:10:02
1,2023-09-15,23:10:20
1,2023-09-15,23:11:16
1,2023-09-15,23:23:16
1,2023-09-15,23:31:31
1,2023-09-15,23:44:43
1,2023-09-15,23:45:35
1,2023-09-15,23:46:28
1,2023-09-15,23:47:34
1,2023-09-15,23:48:17
1,2023-09-15,23:49:54
1,2023-09-15,23:51:20
1,2023-09-15,23:54:47
=======
1,2023-09-10,16:17:50
1,2023-09-10,16:31:31
admin211,2023-09-10,16:35:03
1,2023-09-12,12:24:06
1,2023-09-12,12:25:24
1,2023-09-12,12:26:15
1,2023-09-12,12:31:15
1,2023-09-12,12:32:34
1,2023-09-12,12:33:28
1,2023-09-12,12:36:30
1,2023-09-12,12:37:39
1,2023-09-13,09:47:05
admin211,2023-09-13,09:47:20
admin211,2023-09-13,09:47:22
admin211,2023-09-13,09:51:37
admin211,2023-09-13,09:56:47
admin211,2023-09-13,10:01:40
admin211,2023-09-13,10:05:03
admin211,2023-09-13,10:08:35
admin211,2023-09-13,10:11:54
admin211,2023-09-13,10:12:33
admin211,2023-09-13,10:46:50
admin211,2023-09-13,10:47:46
2,2023-09-13,10:48:01
admin211,2023-09-13,10:49:01
admin211,2023-09-13,10:56:11
admin211,2023-09-13,10:58:02
admin211,2023-09-13,11:00:49
admin211,2023-09-13,11:02:46
admin211,2023-09-13,11:11:11
admin211,2023-09-13,11:11:33
admin211,2023-09-13,11:11:55
admin211,2023-09-13,11:12:24
admin211,2023-09-13,11:12:52
admin211,2023-09-13,11:15:22
1,2023-09-13,11:21:54
1,2023-09-13,11:25:21
1,2023-09-13,11:26:00
2,2023-09-13,11:29:16
1,2023-09-13,11:31:05
1,2023-09-14,10:18:20
1,2023-09-14,10:18:42
1,2023-09-14,10:22:55
1,2023-09-14,10:23:19
1,2023-09-14,10:28:59
1,2023-09-13,19:16:52
1,2023-09-14,01:16:48
1,2023-09-14,01:17:18
1,2023-09-14,01:18:28
1,2023-09-14,01:19:05
1,2023-09-14,01:19:19
1,2023-09-14,01:20:18
1,2023-09-14,01:20:45
1,2023-09-14,01:21:08
1,2023-09-14,01:22:07
1,2023-09-14,01:22:34
1,2023-09-14,01:25:38
1,2023-09-14,01:26:14
1,2023-09-14,01:26:49
1,2023-09-14,01:27:43
1,2023-09-14,01:28:06
1,2023-09-14,01:28:33
1,2023-09-14,01:29:28
1,2023-09-14,01:30:08
1,2023-09-14,01:31:13
1,2023-09-14,01:31:33
1,2023-09-14,01:31:47
1,2023-09-14,01:33:20
1,2023-09-14,01:35:24
new,2023-09-14,01:35:43
1,2023-09-14,01:45:53
1,2023-09-14,01:46:23
1,2023-09-14,01:47:16
1,2023-09-14,01:47:59
1,2023-09-14,01:48:33
1,2023-09-14,01:48:57
1,2023-09-14,01:49:13
1,2023-09-14,01:49:43
1,2023-09-14,01:50:34
1,2023-09-14,01:51:15
1,2023-09-14,01:51:41
1,2023-09-14,01:51:51
new,2023-09-14,01:52:00
1,2023-09-14,01:52:19
new,2023-09-14,01:53:15
new,2023-09-14,01:55:12
1,2023-09-14,01:55:44
new,2023-09-14,01:56:14
1,2023-09-14,01:57:01
1,2023-09-14,01:58:43
1,2023-09-14,01:59:19
1,2023-09-14,02:00:00
1,2023-09-14,02:00:13
1,2023-09-14,02:00:47
1,2023-09-14,02:01:35
1,2023-09-14,02:02:56
1,2023-09-14,02:03:28
1,2023-09-14,02:04:24
1,2023-09-14,02:05:45
new,2023-09-14,02:06:26
new,2023-09-14,02:06:39
1,2023-09-14,02:07:42
new,2023-09-14,02:08:46
1,2023-09-14,02:10:32
1,2023-09-14,02:14:27
1,2023-09-14,02:15:58
1,2023-09-14,02:16:21
1,2023-09-14,02:16:41
1,2023-09-14,02:17:16
1,2023-09-14,02:18:27
1,2023-09-14,02:19:27
1,2023-09-14,02:22:46
1,2023-09-14,02:24:10
new,2023-09-14,02:29:23
1,2023-09-14,02:30:34
1,2023-09-14,02:32:25
1,2023-09-14,02:32:39
1,2023-09-14,02:33:10
1,2023-09-14,09:46:26
1,2023-09-14,09:53:44
1,2023-09-14,09:54:31
1,2023-09-14,09:55:18
new,2023-09-14,09:58:18
1,2023-09-14,09:58:40
1,2023-09-14,10:04:10
1,2023-09-14,10:07:15
1,2023-09-14,10:08:49
1,2023-09-14,10:13:20
1,2023-09-14,10:15:00
admin211,2023-09-14,14:02:30
admin211,2023-09-14,14:02:31
admin211,2023-09-14,14:02:41
admin211,2023-09-14,14:02:43
admin211,2023-09-14,14:02:43
admin211,2023-09-14,14:02:44
admin211,2023-09-14,14:02:44
admin211,2023-09-14,14:02:44
admin211,2023-09-14,14:02:45
admin211,2023-09-14,14:03:24
admin211,2023-09-14,14:24:23
admin211,2023-09-14,14:24:53
admin211,2023-09-14,14:25:57
admin211,2023-09-14,14:26:43
admin211,2023-09-14,14:45:50
admin211,2023-09-14,14:52:05
1,2023-09-15,00:23:33
1,2023-09-15,00:31:35
1,2023-09-15,00:32:06
1,2023-09-15,00:32:18
1,2023-09-15,00:33:10
1,2023-09-15,00:34:46
1,2023-09-15,00:37:19
1,2023-09-15,00:43:22
1,2023-09-15,00:47:45
1,2023-09-15,00:57:12
1,2023-09-15,08:44:10
1,2023-09-15,08:45:13
1,2023-09-15,09:14:56
1,2023-09-15,09:15:52
1,2023-09-15,09:18:50
1,2023-09-15,09:20:50
1,2023-09-15,09:22:07
1,2023-09-15,09:22:32
1,2023-09-15,09:27:25
1,2023-09-15,09:31:51
1,2023-09-15,09:42:39
1,2023-09-15,09:42:59
1,2023-09-15,09:44:26
1,2023-09-15,12:04:28
1,2023-09-15,12:04:51
1,2023-09-15,12:06:43
1,2023-09-15,12:09:54
1,2023-09-15,12:10:14
1,2023-09-15,12:10:47
1,2023-09-15,12:12:50
1,2023-09-15,12:14:24
1,2023-09-15,12:15:56
1,2023-09-15,12:16:42
1,2023-09-15,12:17:08
1,2023-09-15,12:18:22
1,2023-09-15,12:20:12
1,2023-09-15,12:21:27
1,2023-09-15,12:24:32
1,2023-09-15,17:50:52
1,2023-09-15,17:53:20
1,2023-09-15,17:53:44
1,2023-09-15,17:54:11
1,2023-09-15,17:54:36
1,2023-09-15,17:55:51
1,2023-09-15,17:57:08
1,2023-09-15,17:58:44
1,2023-09-15,18:01:21
1,2023-09-15,18:17:18
1,2023-09-15,18:18:50
1,2023-09-15,18:25:42
1,2023-09-15,18:28:56
1,2023-09-15,19:29:23
1,2023-09-15,19:31:04
1,2023-09-15,19:37:22
1,2023-09-15,19:37:46
1,2023-09-15,19:39:47
1,2023-09-15,19:44:45
1,2023-09-15,19:45:24
1,2023-09-15,19:45:54
1,2023-09-15,19:46:33
1,2023-09-15,19:47:38
1,2023-09-15,19:48:18
1,2023-09-15,19:48:49
1,2023-09-15,19:49:13
1,2023-09-15,19:49:54
1,2023-09-15,19:50:36
1,2023-09-15,19:51:02
1,2023-09-15,19:52:33
1,2023-09-15,19:53:34
1,2023-09-15,19:54:23
1,2023-09-15,19:54:51
1,2023-09-15,19:55:20
1,2023-09-15,22:47:08
1,2023-09-15,22:52:15
1,2023-09-15,22:54:27
1,2023-09-15,22:58:53
1,2023-09-15,22:59:20
1,2023-09-15,23:05:02
1,2023-09-15,23:05:07
1,2023-09-15,23:05:08
1,2023-09-15,23:05:09
1,2023-09-15,23:05:09
1,2023-09-15,23:05:10
1,2023-09-15,23:05:10
1,2023-09-15,23:05:11
1,2023-09-15,23:05:20
1,2023-09-15,23:05:20
1,2023-09-15,23:05:20
1,2023-09-15,23:05:21
1,2023-09-15,23:07:00
1,2023-09-15,23:07:57
1,2023-09-16,00:00:46
1,2023-09-16,00:01:22
1,2023-09-16,00:01:341,2023-09-16,00:08:43
<<<<<<< HEAD
=======
1,2023-09-16,14:41:36
1,2023-09-16,15:24:21
1,2023-09-16,15:32:08
2,2023-09-16,15:32:30
2,2023-09-16,15:42:02
>>>>>>> e290014a6b240e4b2abe2500be52a6e78a49836b
1,2023-09-16,13:21:55
1,2023-09-16,14:30:45
1,2023-09-16,14:37:47
1,2023-09-16,14:42:05
1,2023-09-16,14:42:35
1,2023-09-16,14:44:52
1,2023-09-16,14:48:50
1,2023-09-16,14:49:33
1,2023-09-16,14:56:20
1,2023-09-16,15:02:12
<<<<<<< HEAD
1,2023-09-16,15:03:06
=======
1,2023-09-16,15:03:06
1,2023-09-16,15:45:58
1,2023-09-16,15:46:44
>>>>>>> e290014a6b240e4b2abe2500be52a6e78a49836b
1,2023-09-16,16:16:18
nutt,2023-09-16,16:23:19
nutt,2023-09-16,16:26:32
nutt,2023-09-16,16:49:47
